INSERT INTO member(memberName, emailAddress, memberPassword) VALUES ('Molly', 'molly@books.com', '$2b$10$Y00XOZD/f5gBSpDusPUgU.iJufk6Nxx6gAoHRG8t2eHyGgoP2bK4y');
INSERT INTO member(memberName, emailAddress, memberPassword) VALUES ('Anna', 'anna@books.com', '$2b$10$Y00XOZD/f5gBSpDusPUgU.G1ohpR3oQbbBHK4KzX7dU219Pv/lzze');

INSERT INTO mailbox(emailAddress, identifier, mailboxName) VALUES ('molly@books.com', 'a02968f8-0cc8-44d3-8ee2-449a5e22803e', 'inbox');
INSERT INTO mailbox(emailAddress, identifier, mailboxName) VALUES ('anna@books.com', 'd42fe38d-6f51-4801-aaef-a27f0fccb9ad', 'inbox');

INSERT INTO mail(identifier, emailid, fromName, toName, content, sentTime, receivedTime, emailsubject) VALUES ('a02968f8-0cc8-44d3-8ee2-449a5e22803e', '3805aa8e-6a6f-436d-a5aa-ad232cb1642b', 'Anna', 'Molly', '{"message":"Hi Molly(this is anna)"}', '2011-10-05T14:48:00.000Z', '2011-11-05T14:48:00.000Z', 'hello from anna');
insert into mail(identifier, emailid, fromname, toname, content, senttime, receivedtime, emailsubject) values ('a02968f8-0cc8-44d3-8ee2-449a5e22803e', '53dcd68f-21bf-40f8-b10a-473ae766e607', 'Gates Firmage', 'Molly', '{"message":"vestibulum eget vulputate ut ultrices vel augue vestibulum ante ipsum primis in faucibus orci luctus et ultrices posuere cubilia curae donec pharetra magna vestibulum aliquet ultrices erat tortor"}', '2021-12-07T17:49:15Z', '2022-04-08T21:33:46Z', 'Horizontal 3rd generation moderator');
insert into mail(identifier, emailid, fromname, toname, content, senttime, receivedtime, emailsubject) values ('a02968f8-0cc8-44d3-8ee2-449a5e22803e', 'dd9e3165-7f22-440f-aeb7-bb84f91512e6', 'Josee Otto', 'Molly', '{"message":"libero non mattis pulvinar nulla pede ullamcorper augue a suscipit nulla"}', '2022-04-20T23:11:30Z', '2022-03-16T19:23:23Z', 'Vision-oriented bi-directional local area network');
insert into mail(identifier, emailid, fromname, toname, content, senttime, receivedtime, emailsubject) values ('a02968f8-0cc8-44d3-8ee2-449a5e22803e', 'b60f6485-af7a-43e7-a6fe-e1ccbe750e6a', 'Charlie Sawkins', 'Molly', '{"message":"vitae consectetuer eget rutrum at lorem integer tincidunt ante vel ipsum praesent blandit lacinia erat vestibulum sed magna at"}', '2021-08-08T05:03:39Z', '2021-10-21T09:20:25Z', 'Total directional frame');
insert into mail(identifier, emailid, fromname, toname, content, senttime, receivedtime, emailsubject) values ('a02968f8-0cc8-44d3-8ee2-449a5e22803e', '5f692698-8219-4a49-9da4-b847ad020a62', 'Dun Despenser', 'Molly', '{"message":"luctus cum sociis natoque penatibus et magnis dis parturient montes nascetur ridiculus mus vivamus vestibulum sagittis sapien cum sociis natoque penatibus et magnis dis parturient montes nascetur ridiculus"}', '2021-07-29T06:24:19Z', '2021-12-02T04:25:53Z', 'Devolved methodical leverage');
insert into mail(identifier, emailid, fromname, toname, content, senttime, receivedtime, emailsubject) values ('a02968f8-0cc8-44d3-8ee2-449a5e22803e', 'ad759156-91cb-41da-accc-13b86ead1dca', 'Alicia Thrustle', 'Molly', '{"message":"justo eu massa donec dapibus duis at velit eu est congue elementum in hac habitasse platea dictumst"}', '2021-10-03T00:31:38Z', '2022-04-17T01:21:32Z', 'Phased non-volatile throughput');
insert into mail(identifier, emailid, fromname, toname, content, senttime, receivedtime, emailsubject) values ('a02968f8-0cc8-44d3-8ee2-449a5e22803e', 'd9b95a3e-badd-45e1-acb3-3e316070b51e', 'Crista Nazaret', 'Molly', '{"message":"ac enim in tempor turpis nec euismod scelerisque quam turpis adipiscing lorem vitae mattis nibh ligula nec sem duis aliquam convallis nunc proin"}', '2022-03-25T18:40:35Z', '2021-10-06T03:06:21Z', 'Triple-buffered web-enabled focus group');
insert into mail(identifier, emailid, fromname, toname, content, senttime, receivedtime, emailsubject) values ('a02968f8-0cc8-44d3-8ee2-449a5e22803e', '65d7ee4e-9f9c-4216-b282-cdfa190b13c4', 'Templeton Deekes', 'Molly', '{"message":"ipsum primis in faucibus orci luctus et ultrices posuere cubilia curae donec pharetra magna vestibulum aliquet ultrices erat tortor sollicitudin mi sit amet lobortis sapien"}', '2022-04-10T13:34:31Z', '2021-10-01T23:27:31Z', 'User-friendly executive challenge');
insert into mail(identifier, emailid, fromname, toname, content, senttime, receivedtime, emailsubject) values ('a02968f8-0cc8-44d3-8ee2-449a5e22803e', 'd42481e7-878e-456e-ad65-4ae9b765f2f8', 'Elinore Schneider', 'Molly', '{"message":"nisl duis bibendum felis sed interdum venenatis turpis enim blandit mi in porttitor pede justo eu massa donec dapibus duis at velit eu est congue elementum in hac habitasse"}', '2022-06-25T16:18:39Z', '2022-03-12T22:23:43Z', 'Enterprise-wide bifurcated projection');
insert into mail(identifier, emailid, fromname, toname, content, senttime, receivedtime, emailsubject) values ('a02968f8-0cc8-44d3-8ee2-449a5e22803e', '7dda6ffa-b1a0-4f9c-a52c-6b8d477dce73', 'Roderic Elt', 'Molly', '{"message":"nulla integer pede justo lacinia eget tincidunt eget tempus vel pede morbi porttitor lorem id ligula"}', '2022-07-06T22:28:43Z', '2021-11-22T01:27:13Z', 'Synergistic bi-directional throughput');
insert into mail(identifier, emailid, fromname, toname, content, senttime, receivedtime, emailsubject) values ('a02968f8-0cc8-44d3-8ee2-449a5e22803e', '53c5e669-2325-404b-a33f-ac4051a32ad3', 'Quintus Hensmans', 'Molly', '{"message":"vestibulum vestibulum ante ipsum primis in faucibus orci luctus et"}', '2022-03-19T22:16:30Z', '2022-07-05T01:23:14Z', 'Customizable directional structure');
insert into mail(identifier, emailid, fromname, toname, content, senttime, receivedtime, emailsubject) values ('a02968f8-0cc8-44d3-8ee2-449a5e22803e', 'cb4f4c58-f467-4a48-9339-d438c5e689d6', 'Janice Daber', 'Molly', '{"message":"volutpat sapien arcu sed augue aliquam erat volutpat in congue etiam justo etiam pretium iaculis justo in hac habitasse platea dictumst etiam"}', '2022-01-11T04:26:15Z', '2021-12-18T01:43:44Z', 'Customizable real-time customer loyalty');
insert into mail(identifier, emailid, fromname, toname, content, senttime, receivedtime, emailsubject) values ('a02968f8-0cc8-44d3-8ee2-449a5e22803e', '5e5d612e-6926-4b7d-8bbc-9fc057b900aa', 'Anica Jeaffreson', 'Molly', '{"message":"consequat varius integer ac leo pellentesque ultrices mattis odio donec vitae nisi nam ultrices libero non mattis pulvinar nulla pede"}', '2021-12-15T13:05:44Z', '2022-01-07T04:21:57Z', 'Stand-alone upward-trending framework');
insert into mail(identifier, emailid, fromname, toname, content, senttime, receivedtime, emailsubject) values ('a02968f8-0cc8-44d3-8ee2-449a5e22803e', '69aec602-c125-4aa0-8b3d-39bb6ef3dbd1', 'Beverley Norcliffe', 'Molly', '{"message":"rhoncus aliquam lacus morbi quis tortor id nulla ultrices aliquet maecenas leo"}', '2021-08-23T01:03:28Z', '2021-09-30T02:21:47Z', 'Horizontal homogeneous secured line');
insert into mail(identifier, emailid, fromname, toname, content, senttime, receivedtime, emailsubject) values ('a02968f8-0cc8-44d3-8ee2-449a5e22803e', '38d05cf6-dadf-4d5e-b068-6774687a29d1', 'Ellynn Denyagin', 'Molly', '{"message":"in tempus sit amet sem fusce consequat nulla nisl nunc nisl duis bibendum felis sed interdum venenatis turpis enim blandit mi in porttitor pede justo eu massa donec dapibus"}', '2022-02-05T22:35:04Z', '2011-12-12T20:40:02Z', 'Decentralized executive portal');
insert into mail(identifier, emailid, fromname, toname, content, senttime, receivedtime, emailsubject) values ('a02968f8-0cc8-44d3-8ee2-449a5e22803e', '260445ff-dfea-4744-99c4-80b2a9fc2a85', 'Parnell Detheridge', 'Molly', '{"message":"eget congue eget semper rutrum nulla nunc purus phasellus in felis donec semper sapien a libero nam dui proin leo odio porttitor id consequat in consequat ut nulla sed"}', '2021-12-22T21:52:05Z', '2022-07-21T22:01:00Z', 'Public-key system-worthy firmware');

insert into mail(identifier, emailid, fromname, toname, content, senttime, receivedtime, emailsubject) values ('d42fe38d-6f51-4801-aaef-a27f0fccb9ad', 'e8afc8a2-7fbc-4c16-978a-672b1f4b3708', 'Ailey Tetla', 'Anna', '{"message":"donec semper sapien a libero nam dui proin leo odio porttitor id consequat in consequat ut nulla sed accumsan felis ut at dolor quis"}', '2021-09-13T19:09:32Z', '2022-01-31T03:54:12Z', 'Centralized multimedia circuit');
insert into mail(identifier, emailid, fromname, toname, content, senttime, receivedtime, emailsubject) values ('d42fe38d-6f51-4801-aaef-a27f0fccb9ad', 'b1d9b5d4-50a1-4deb-8b31-be2bf736ee42', 'Haley Mc Coughan', 'Anna', '{"message":"dolor quis odio consequat varius integer ac leo pellentesque ultrices mattis odio donec vitae nisi nam ultrices libero non mattis pulvinar nulla pede ullamcorper augue a"}', '2021-11-14T00:01:51Z', '2022-03-26T10:12:52Z', 'Function-based disintermediate array');
insert into mail(identifier, emailid, fromname, toname, content, senttime, receivedtime, emailsubject) values ('d42fe38d-6f51-4801-aaef-a27f0fccb9ad', '45ebb223-08c5-48ae-8d2f-de68836a5610', 'Rozele Kynd', 'Anna', '{"message":"ultrices libero non mattis pulvinar nulla pede ullamcorper augue a suscipit nulla elit ac nulla sed"}', '2022-05-21T17:33:20Z', '2022-04-04T20:09:03Z', 'Team-oriented motivating knowledge base');
insert into mail(identifier, emailid, fromname, toname, content, senttime, receivedtime, emailsubject) values ('d42fe38d-6f51-4801-aaef-a27f0fccb9ad', '439b2b25-f044-4075-967d-74d368c38255', 'Clement Talboy', 'Anna', '{"message":"dolor quis odio consequat varius integer ac leo pellentesque ultrices mattis odio donec vitae nisi nam ultrices libero non mattis pulvinar nulla"}', '2022-06-21T16:54:05Z', '2022-06-23T10:12:11Z', 'Optional human-resource groupware');
insert into mail(identifier, emailid, fromname, toname, content, senttime, receivedtime, emailsubject) values ('d42fe38d-6f51-4801-aaef-a27f0fccb9ad', '9c1e1dfd-036c-4ff0-8a0e-278eb9e64e16', 'Estel Pasek', 'Anna', '{"message":"varius nulla facilisi cras non velit nec nisi vulputate nonummy"}', '2022-04-28T12:42:48Z', '2022-06-30T23:47:51Z', 'De-engineered mission-critical installation');
insert into mail(identifier, emailid, fromname, toname, content, senttime, receivedtime, emailsubject) values ('d42fe38d-6f51-4801-aaef-a27f0fccb9ad', '674c4672-bbea-48aa-bc70-72c202b75cc8', 'Morissa Birden', 'Anna', '{"message":"dictumst etiam faucibus cursus urna ut tellus nulla ut erat id mauris vulputate elementum nullam varius"}', '2022-06-07T21:13:31Z', '2022-07-13T16:21:13Z', 'Upgradable encompassing core');
insert into mail(identifier, emailid, fromname, toname, content, senttime, receivedtime, emailsubject) values ('d42fe38d-6f51-4801-aaef-a27f0fccb9ad', 'de25cc48-9b97-4b1d-9f48-664fc74c799b', 'Al Gaskin', 'Anna', '{"message":"fusce lacus purus aliquet at feugiat non pretium quis lectus suspendisse potenti in eleifend quam a odio in hac habitasse platea dictumst maecenas"}', '2021-12-27T11:53:42Z', '2021-12-11T13:43:55Z', 'Secured bottom-line framework');
insert into mail(identifier, emailid, fromname, toname, content, senttime, receivedtime, emailsubject) values ('d42fe38d-6f51-4801-aaef-a27f0fccb9ad', '0daac4ef-bf12-4139-ae80-46c951ae0cdd', 'Penny Craigg', 'Anna', '{"message":"quam turpis adipiscing lorem vitae mattis nibh ligula nec sem duis aliquam convallis nunc proin at turpis a"}', '2021-12-15T01:47:05Z', '2021-11-03T11:13:44Z', 'Automated grid-enabled projection');
insert into mail(identifier, emailid, fromname, toname, content, senttime, receivedtime, emailsubject) values ('d42fe38d-6f51-4801-aaef-a27f0fccb9ad', 'b7d3f7ec-d3fa-4f9b-8af7-72ad46ea17f8', 'Mignon Polet', 'Anna', '{"message":"mauris non ligula pellentesque ultrices phasellus id sapien in sapien iaculis congue vivamus metus arcu adipiscing molestie hendrerit at vulputate vitae nisl aenean"}', '2022-04-10T15:40:07Z', '2022-01-12T03:51:47Z', 'Grass-roots attitude-oriented core');
insert into mail(identifier, emailid, fromname, toname, content, senttime, receivedtime, emailsubject) values ('d42fe38d-6f51-4801-aaef-a27f0fccb9ad', 'eae2be1a-468d-4fff-bf6d-e27ab25a3239', 'Lauree Didball', 'Anna', '{"message":"in porttitor pede justo eu massa donec dapibus duis at velit eu est congue elementum in hac habitasse platea dictumst morbi vestibulum velit id"}', '2021-10-12T03:00:40Z', '2022-01-21T11:04:02Z', 'Reverse-engineered even-keeled capacity');
insert into mail(identifier, emailid, fromname, toname, content, senttime, receivedtime, emailsubject) values ('d42fe38d-6f51-4801-aaef-a27f0fccb9ad', '3e81d90d-d4f9-414c-a84e-8b171ebbf411', 'Vonnie Knightly', 'Anna', '{"message":"id ligula suspendisse ornare consequat lectus in est risus auctor sed tristique in tempus sit amet sem fusce consequat nulla nisl nunc nisl duis bibendum felis sed"}', '2021-11-03T02:44:18Z', '2022-03-09T11:40:31Z', 'Reverse-engineered discrete time-frame');
insert into mail(identifier, emailid, fromname, toname, content, senttime, receivedtime, emailsubject) values ('d42fe38d-6f51-4801-aaef-a27f0fccb9ad', '563329f9-0f1a-4eec-9695-88fb320cc1b7', 'Rorke Rosettini', 'Anna', '{"message":"augue vestibulum ante ipsum primis in faucibus orci luctus et ultrices posuere cubilia curae donec pharetra magna vestibulum aliquet ultrices erat tortor"}', '2022-01-06T13:40:13Z', '2021-09-27T02:14:12Z', 'User-centric scalable hierarchy');
insert into mail(identifier, emailid, fromname, toname, content, senttime, receivedtime, emailsubject) values ('d42fe38d-6f51-4801-aaef-a27f0fccb9ad', 'af45e7c4-fa7e-4f56-a6e0-750f3a9037dc', 'Skip Golde', 'Anna', '{"message":"ultrices enim lorem ipsum dolor sit amet consectetuer adipiscing elit proin interdum mauris non ligula pellentesque ultrices phasellus id sapien in sapien iaculis congue vivamus metus arcu"}', '2022-03-22T17:19:32Z', '2021-09-11T20:28:10Z', 'Balanced global model');
insert into mail(identifier, emailid, fromname, toname, content, senttime, receivedtime, emailsubject) values ('d42fe38d-6f51-4801-aaef-a27f0fccb9ad', '425fbcbe-8e18-4644-8c6f-920613fdedc8', 'Esmaria Sanders', 'Anna', '{"message":"congue vivamus metus arcu adipiscing molestie hendrerit at vulputate vitae nisl aenean lectus pellentesque eget nunc donec quis orci"}', '2021-07-26T15:04:33Z', '2022-03-29T01:31:38Z', 'Fully-configurable asynchronous ability');
insert into mail(identifier, emailid, fromname, toname, content, senttime, receivedtime, emailsubject) values ('d42fe38d-6f51-4801-aaef-a27f0fccb9ad', '3bf15c68-d40b-4b20-983f-c720c6737b0b', 'Sky Bartkiewicz', 'Anna', '{"message":"nonummy maecenas tincidunt lacus at velit vivamus vel nulla eget eros elementum pellentesque quisque porta volutpat erat quisque erat eros viverra eget congue eget semper rutrum"}', '2022-05-30T08:02:02Z', '2022-05-12T04:45:33Z', 'Virtual heuristic conglomeration');
insert into mail(identifier, emailid, fromname, toname, content, senttime, receivedtime, emailsubject) values ('d42fe38d-6f51-4801-aaef-a27f0fccb9ad', '4557caea-04dd-4bc4-8588-4d752e065a4f', 'Launce Adicot', 'Anna', '{"message":"sapien a libero nam dui proin leo odio porttitor id consequat in consequat ut nulla"}', '2022-07-21T01:00:00Z', '2022-07-21T22:01:00Z', 'Horizontal value-added software');
INSERT INTO mail(identifier, emailid, fromName, toName, content, sentTime, receivedTime, emailsubject) VALUES ('d42fe38d-6f51-4801-aaef-a27f0fccb9ad','914d9884-a248-468e-98be-385818ce4c75', 'Molly', 'Anna', '{"message":"Hello Anna. (P.S. - this is Molly)"}', '2011-10-05T14:48:00.000Z', '2011-11-05T14:48:00.000Z', 'ello from molly');
